InstrumentId,Quantity,InitialRate,Side
BTC/USD,3,58871.01215,BUY
ETH/USD,10,2682.019189,SELL
SOL/USD,20,138.5050875,BUY
BNB/USD,5,512.9499832,BUY
USDT/USD,10000,1.000134593,BUY
ADA/USD,5000,0.335245269,SELL
SHIB/USD,100000,0.0000136410407145078,BUY
DOGE/USD,43000,0.105241227,BUY
XRP/USD,27000,0.565457483,SELL
AVAX/USD,50,21.02913658,SELL
LTC/USD,10,61.03340933,BUY
CRO/USD,80000,0.087408805,BUY
XLM/USD,63000,0.09764245,SELL
